"sex","strain","mean.rbar.all","mean.rbar.2CO","mean.rbar.3CO"
"1","female","WSB",0.228543134129789,0.286477520725608,0.337424112507713
"2","female","G",0.238443402476523,0.290751288845329,0.340609725415054
"3","female","LEW",0.238445658943871,0.289001601997641,0.334746041305579
"4","female","PWD",0.233316337088909,0.289362002317792,0.335659566516211
"5","female","MSM",0.231517443195497,0.29055129272006,0.30673175100973
"6","female","SKIVE",0.228555108778846,0.286172003575665,0.335558445319592
"7","female","KAZ",0.223645395138831,0.276978493568785,0.335285150243967
"8","male","WSB",0.172870954686643,0.261297572883459,NA
"9","male","G",0.196297684734878,0.272409429773874,0.336810362576984
"10","male","LEW",0.193038419889122,0.258557684202336,0.312729433310699
"11","male","PWD",0.214393642560187,0.260035496300781,0.316338655251504
"12","male","MSM",0.217139567788478,0.265557166973699,-0.0161894924072713
"13","male","MOLF",0.215747524943914,0.277577101049485,0.33765792757489
"14","male","SKIVE",0.199946174486361,0.253749211886897,0.330601346279241
"15","male","KAZ",0.176668507770129,0.261042339200882,0.34229338018272
"16","male","CZECH",0.191722040536808,0.271075618593485,0.341392956049453
